{
  "urls": [
    "output.ogg",
    "output.m4a",
    "output.mp3",
    "output.ac3"
  ],
  "sprite": {
    "Piano.mf.B3": [
      0,
      35722.49433106576
    ],
    "Piano.mf.B4": [
      37000,
      34146.50793650793
    ],
    "Piano.mf.C2": [
      73000,
      35722.49433106576
    ],
    "Piano.mf.C4": [
      110000,
      35722.494331065776
    ],
    "Piano.mf.D3": [
      147000,
      35722.494331065776
    ],
    "Piano.mf.F3": [
      184000,
      35722.494331065776
    ],
    "Piano.mf.F4": [
      221000,
      27842.517006802722
    ],
    "Piano.mf.G2": [
      250000,
      35722.494331065776
    ]
  }
}